Date,Price
2010-07-14,88.33435821533203
2010-07-15,88.35855865478516
2010-07-16,85.9256362915039
2010-07-19,86.43313598632812
2010-07-20,87.39181518554688
2010-07-21,86.25590515136719
2010-07-22,88.18130493164062
2010-07-23,88.9466323852539
2010-07-26,89.87306213378906
2010-07-27,89.86500549316406
2010-07-28,89.28497314453125
2010-07-29,88.84996795654297
2010-07-30,88.83382415771484
2010-08-02,90.83979034423828
2010-08-03,90.4047622680664
2010-08-04,91.00897216796875
2010-08-05,90.91229248046875
2010-08-06,90.54170227050781
2010-08-09,91.02506256103516
2010-08-10,90.53365325927734
2010-08-11,88.05241394042969
2010-08-12,87.51264190673828
2010-08-13,87.25486755371094
2010-08-16,87.21458435058594
2010-08-17,88.28602600097656
2010-08-18,88.44715118408203
2010-08-19,86.90843200683594
2010-08-20,86.62646484375
2010-08-23,86.29619598388672
2010-08-24,85.01527404785156
2010-08-25,85.34559631347656
2010-08-26,84.77360534667969
2010-08-27,86.08675384521484
2010-08-30,84.83807373046875
2010-08-31,84.83807373046875
2010-09-01,87.3757095336914
2010-09-02,88.1893539428711
2010-09-03,89.33330535888672
2010-09-07,88.32628631591797
2010-09-08,88.9466323852539
2010-09-09,89.35749053955078
2010-09-10,89.80862426757812
2010-09-13,90.80756378173828
2010-09-14,90.75119018554688
2010-09-15,91.09759521484375
2010-09-16,91.07341003417969
2010-09-17,91.10740661621094
2010-09-20,92.50049591064453
2010-09-21,92.31422424316406
2010-09-22,91.86067199707031
2010-09-23,91.11554718017578
2010-09-24,92.99451446533203
2010-09-27,92.54907989501953
2010-09-28,92.87306213378906
2010-09-29,92.71107482910156
2010-09-30,92.43567657470703
2010-10-01,92.8244400024414
2010-10-04,92.1279296875
2010-10-05,93.98262023925781
2010-10-06,93.97453308105469
2010-10-07,93.86114501953125
2010-10-08,94.3875961303711
2010-10-11,94.47669982910156
2010-10-12,94.76824951171875
2010-10-13,95.50524139404297
2010-10-14,95.13270568847656
2010-10-15,95.32707977294922
2010-10-18,95.79683685302734
2010-10-19,94.54148864746094
2010-10-20,95.46476745605469
2010-10-21,95.67533111572266
2010-10-22,95.85354614257812
2010-10-25,96.13700866699219
2010-10-26,96.15321350097656
2010-10-27,95.87781524658203
2010-10-28,95.89404296875
2010-10-29,95.9669189453125
2010-11-01,95.99931335449219
2010-11-02,96.76062774658203
2010-11-03,97.14936828613281
2010-11-04,99.02030181884766
2010-11-05,99.39288330078125
2010-11-08,99.20661163330078
2010-11-09,98.49385070800781
2010-11-10,98.89073181152344
2010-11-11,98.51815032958984
2010-11-12,97.35189056396484
2010-11-15,97.21419525146484
2010-11-16,95.69966125488281
2010-11-17,95.7482681274414
2010-11-18,97.15748596191406
2010-11-19,97.42479705810547
2010-11-22,97.34378814697266
2010-11-23,95.93451690673828
2010-11-24,97.35189056396484
2010-11-26,96.2179946899414
2010-11-29,96.50957489013672
2010-11-30,95.9669189453125
2010-12-01,98.00792694091797
2010-12-02,99.26329040527344
2010-12-03,99.53057098388672
2010-12-06,99.4252700805664
2010-12-07,99.48198699951172
2010-12-08,99.84642028808594
2010-12-09,100.2352066040039
2010-12-10,100.81832122802734
2010-12-13,100.88314056396484
2010-12-14,100.97221374511719
2010-12-15,100.51056671142578
2010-12-16,101.09371948242188
2010-12-17,101.20195770263672
2010-12-20,101.44622039794922
2010-12-21,102.08942413330078
2010-12-22,102.40694427490234
2010-12-23,102.26041412353516
2010-12-27,102.30113220214844
2010-12-28,102.44766998291016
2010-12-29,102.52092742919922
2010-12-30,102.35812377929688
2010-12-31,102.38253784179688
2011-01-03,103.44097900390625
2011-01-04,103.38394927978516
2011-01-05,103.92133331298828
2011-01-06,103.71778106689453
2011-01-07,103.51423645019531
2011-01-10,103.38394927978516
2011-01-11,103.75032043457031
2011-01-12,104.68666076660156
2011-01-13,104.5156478881836
2011-01-14,105.27286529541016
2011-01-18,105.45196533203125
2011-01-19,104.41796875
2011-01-20,104.27954864501953
2011-01-21,104.5156478881836
2011-01-24,105.11003112792969
2011-01-25,105.16699981689453
2011-01-26,105.57408905029297
2011-01-27,105.83463287353516
2011-01-28,103.98644256591797
2011-01-31,104.7680435180664
2011-02-01,106.44525146484375
2011-02-02,106.2417221069336
2011-02-03,106.47785186767578
2011-02-04,106.77906799316406
2011-02-07,107.44669342041016
2011-02-08,107.93523406982422
2011-02-09,107.69097900390625
2011-02-10,107.73169708251953
2011-02-11,108.37486267089844
2011-02-14,108.63539123535156
2011-02-15,108.29344940185547
2011-02-16,108.97734832763672
2011-02-17,109.30304718017578
2011-02-18,109.53097534179688
2011-02-22,107.3327407836914
2011-02-23,106.67327117919922
2011-02-24,106.59996795654297
2011-02-25,107.73980712890625
2011-02-28,108.40740203857422
2011-03-01,106.59996795654297
2011-03-02,106.82791137695312
2011-03-03,108.66796112060547
2011-03-04,107.85376739501953
2011-03-07,107.00706481933594
2011-03-08,107.94335174560547
2011-03-09,107.78865051269531
2011-03-10,105.7939224243164
2011-03-11,106.52667236328125
2011-03-14,105.88350677490234
2011-03-15,104.67036437988281
2011-03-16,102.73262023925781
2011-03-17,104.09229278564453
2011-03-18,104.47089385986328
2011-03-21,106.09001159667969
2011-03-22,105.72199249267578
2011-03-23,106.0245590209961
2011-03-24,107.03850555419922
2011-03-25,107.3656234741211
2011-03-28,107.10395050048828
2011-03-29,107.82353210449219
2011-03-30,108.5676498413086
2011-03-31,108.42044067382812
2011-04-01,108.87834930419922
2011-04-04,108.96830749511719
2011-04-05,108.95195770263672
2011-04-06,109.29541778564453
2011-04-07,109.01738739013672
2011-04-08,108.6412353515625
2011-04-11,108.31416320800781
2011-04-12,107.5046157836914
2011-04-13,107.49642181396484
2011-04-14,107.5782241821289
2011-04-15,107.97071838378906
2011-04-18,106.760498046875
2011-04-19,107.37381744384766
2011-04-20,108.83749389648438
2011-04-21,109.39354705810547
2011-04-25,109.2790298461914
2011-04-26,110.21939849853516
2011-04-27,110.93901062011719
2011-04-28,111.29875183105469
2011-04-29,111.56045532226562
2011-05-02,111.38874816894531
2011-05-03,110.9880599975586
2011-05-04,110.25208282470703
2011-05-05,109.25454711914062
2011-05-06,109.73699188232422
2011-05-09,110.16217041015625
2011-05-10,111.1025390625
2011-05-11,109.93321228027344
2011-05-12,110.45658111572266
2011-05-13,109.60614013671875
2011-05-16,108.91110229492188
2011-05-17,108.89472198486328
2011-05-18,109.86778259277344
2011-05-19,110.1294937133789
2011-05-20,109.25454711914062
2011-05-23,107.98705291748047
2011-05-24,107.89710998535156
2011-05-25,108.25689697265625
2011-05-26,108.75572967529297
2011-05-27,109.17272186279297
2011-05-31,110.30936431884766
2011-06-01,107.83170318603516
2011-06-02,107.71722412109375
2011-06-03,106.6460189819336
2011-06-06,105.51754760742188
2011-06-07,105.45218658447266
2011-06-08,105.01058959960938
2011-06-09,105.81195831298828
2011-06-10,104.34008026123047
2011-06-13,104.42182159423828
2011-06-14,105.74654388427734
2011-06-15,103.86580657958984
2011-06-16,104.09475708007812
2011-06-17,104.40538787841797
2011-06-20,104.93952941894531
2011-06-21,106.37761688232422
2011-06-22,105.73664093017578
2011-06-23,105.43260955810547
2011-06-24,104.20816040039062
2011-06-27,105.13674926757812
2011-06-28,106.50910186767578
2011-06-29,107.4212646484375
2011-06-30,108.4484634399414
2011-07-01,110.05088806152344
2011-07-05,109.96055603027344
2011-07-06,110.09198760986328
2011-07-07,111.23426055908203
2011-07-08,110.44532775878906
2011-07-11,108.4484634399414
2011-07-12,107.98007202148438
2011-07-13,108.34162902832031
2011-07-14,107.59384155273438
2011-07-15,108.21839904785156
2011-07-18,107.33087921142578
2011-07-19,109.07302856445312
2011-07-20,109.00727081298828
2011-07-21,110.51932525634766
2011-07-22,110.59326934814453
2011-07-25,109.97698974609375
2011-07-26,109.56608581542969
2011-07-27,107.32266998291016
2011-07-28,107.0103759765625
2011-07-29,106.27902221679688
2011-08-01,105.8270263671875
2011-08-02,103.1234130859375
2011-08-03,103.68222045898438
2011-08-04,98.82557678222656
2011-08-05,98.67767333984375
2011-08-08,92.2514419555664
2011-08-09,96.54108428955078
2011-08-10,92.276123046875
2011-08-11,96.41780853271484
2011-08-12,97.06704711914062
2011-08-15,99.12141418457031
2011-08-16,98.2750244140625
2011-08-17,98.34075164794922
2011-08-18,94.1004409790039
2011-08-19,92.563720703125
2011-08-22,92.63771057128906
2011-08-23,95.68645477294922
2011-08-24,97.03414154052734
2011-08-25,95.55494689941406
2011-08-26,96.94376373291016
2011-08-29,99.72952270507812
2011-08-30,99.99250793457031
2011-08-31,100.4362564086914
2011-09-01,99.38440704345703
2011-09-02,96.84514617919922
2011-09-06,96.13839721679688
2011-09-07,98.8502426147461
2011-09-08,97.82304382324219
2011-09-09,95.25911712646484
2011-09-12,95.87545776367188
2011-09-13,96.75474548339844
2011-09-14,98.09420013427734
2011-09-15,99.78706359863281
2011-09-16,100.37764739990234
2011-09-19,99.3781967163086
2011-09-20,99.26252746582031
2011-09-21,96.33843994140625
2011-09-22,93.22435760498047
2011-09-23,93.7860336303711
2011-09-26,96.01627349853516
2011-09-27,97.09011840820312
2011-09-28,95.107666015625
2011-09-29,95.8593521118164
2011-09-30,93.46387481689453
2011-10-03,90.80412292480469
2011-10-04,92.7947998046875
2011-10-05,94.512939453125
2011-10-06,96.22279357910156
2011-10-07,95.5784912109375
2011-10-10,98.77519226074219
2011-10-11,98.87428283691406
2011-10-12,99.74162292480469
2011-10-13,99.54338073730469
2011-10-14,101.24498748779297
2011-10-17,99.31208038330078
2011-10-18,101.25323486328125
2011-10-19,100.05551147460938
2011-10-20,100.4933090209961
2011-10-21,102.40142059326172
2011-10-24,103.65694427490234
2011-10-25,101.64143371582031
2011-10-26,102.67398834228516
2011-10-27,106.25066375732422
2011-10-28,106.22586822509766
2011-10-31,103.66520690917969
2011-11-01,100.77413940429688
2011-11-02,102.41791534423828
2011-11-03,104.28470611572266
2011-11-04,103.648681640625
2011-11-07,104.2929916381836
2011-11-08,105.63114929199219
2011-11-09,101.73233795166016
2011-11-10,102.69053649902344
2011-11-11,104.6233901977539
2011-11-14,103.63216400146484
2011-11-15,104.14430236816406
2011-11-16,102.49227142333984
2011-11-17,100.86502075195312
2011-11-18,100.75763702392578
2011-11-21,98.84125518798828
2011-11-22,98.45304107666016
2011-11-23,96.2806167602539
2011-11-25,96.098876953125
2011-11-28,98.88256072998047
2011-11-29,99.16341400146484
2011-11-30,103.24393463134766
2011-12-01,103.22743225097656
2011-12-02,103.13655090332031
2011-12-05,104.25992584228516
2011-12-06,104.2929916381836
2011-12-07,104.68120574951172
2011-12-08,102.38488006591797
2011-12-09,104.11949920654297
2011-12-12,102.59967803955078
2011-12-13,101.64143371582031
2011-12-14,100.55937957763672
2011-12-15,100.92283630371094
2011-12-16,101.07245635986328
2011-12-19,99.99183654785156
2011-12-20,103.01759338378906
2011-12-21,103.21710205078125
2011-12-22,104.13146209716797
2011-12-23,105.06248474121094
2011-12-27,105.14558410644531
2011-12-28,103.7657470703125
2011-12-29,104.83805084228516
2011-12-30,104.32268524169922
2012-01-03,105.98519897460938
2012-01-04,106.15142059326172
2012-01-05,106.43406677246094
2012-01-06,106.15975189208984
2012-01-09,106.41743469238281
2012-01-10,107.34015655517578
2012-01-11,107.39830780029297
2012-01-12,107.65599060058594
2012-01-13,107.09906005859375
2012-01-17,107.51469421386719
2012-01-18,108.70338439941406
2012-01-19,109.27696990966797
2012-01-20,109.68425750732422
2012-01-23,109.4016342163086
2012-01-24,109.27696990966797
2012-01-25,110.19135284423828
2012-01-26,109.6260986328125
2012-01-27,109.57623291015625
2012-01-30,109.2021255493164
2012-01-31,109.16056060791016
2012-02-01,110.11654663085938
2012-02-02,110.29108428955078
2012-02-03,111.83723449707031
2012-02-06,111.76240539550781
2012-02-07,112.04501342773438
2012-02-08,112.3775405883789
2012-02-09,112.51884460449219
2012-02-10,111.6876220703125
2012-02-13,112.51884460449219
2012-02-14,112.3775405883789
2012-02-15,111.85384368896484
2012-02-16,113.09239196777344
2012-02-17,113.39168548583984
2012-02-21,113.44154357910156
2012-02-22,113.07579040527344
2012-02-23,113.57453155517578
2012-02-24,113.82389068603516
2012-02-27,114.01512908935547
2012-02-28,114.3476333618164
2012-02-29,113.89874267578125
2012-03-01,114.48895263671875
2012-03-02,114.13980102539062
2012-03-05,113.67432403564453
2012-03-06,112.01181030273438
2012-03-07,112.7931900024414
2012-03-08,113.91535949707031
2012-03-09,114.35591888427734
2012-03-12,114.36424255371094
2012-03-13,116.42576599121094
2012-03-14,116.30107116699219
2012-03-15,116.97441101074219
2012-03-16,117.13636779785156
2012-03-19,117.59553527832031
2012-03-20,117.25324249267578
2012-03-21,117.06124877929688
2012-03-22,116.21795654296875
2012-03-23,116.59366607666016
2012-03-26,118.2300796508789
2012-03-27,117.86273956298828
2012-03-28,117.2783203125
2012-03-29,117.07788848876953
2012-03-30,117.56217193603516
2012-04-02,118.42211151123047
2012-04-03,117.9378662109375
2012-04-04,116.7690200805664
2012-04-05,116.71052551269531
2012-04-09,115.39976501464844
2012-04-10,113.46278381347656
2012-04-11,114.38118743896484
2012-04-12,115.87569427490234
2012-04-13,114.49808502197266
2012-04-16,114.42294311523438
2012-04-17,116.11780548095703
2012-04-18,115.72540283203125
2012-04-19,114.98233795166016
2012-04-20,115.17435455322266
2012-04-23,114.20587158203125
2012-04-24,114.6400146484375
2012-04-25,116.20964050292969
2012-04-26,117.01947784423828
2012-04-27,117.21149444580078
2012-04-30,116.77735900878906
2012-05-01,117.50372314453125
2012-05-02,117.15306854248047
2012-05-03,116.25971984863281
2012-05-04,114.38118743896484
2012-05-07,114.46467590332031
2012-05-08,114.00547790527344
2012-05-09,113.32923889160156
2012-05-10,113.56300354003906
2012-05-11,113.220703125
2012-05-14,111.96835327148438
2012-05-15,111.32548522949219
2012-05-16,110.89967346191406
2012-05-17,109.25489807128906
2012-05-18,108.31981658935547
2012-05-21,110.18164825439453
2012-05-22,110.3736801147461
2012-05-23,110.4321517944336
2012-05-24,110.64921569824219
2012-05-25,110.29021453857422
2012-05-29,111.62600708007812
2012-05-30,110.00634765625
2012-05-31,109.76421356201172
2012-06-01,107.00067901611328
2012-06-04,106.95060729980469
2012-06-05,107.76045227050781
2012-06-06,110.18164825439453
2012-06-07,110.24848175048828
2012-06-08,111.12508392333984
2012-06-11,109.7141342163086
2012-06-12,110.97480773925781
2012-06-13,110.26512908935547
2012-06-14,111.4339828491211
2012-06-15,112.57368469238281
2012-06-18,112.7918472290039
2012-06-19,113.88285064697266
2012-06-20,113.69822692871094
2012-06-21,111.14697265625
2012-06-22,112.00299835205078
2012-06-25,110.2070541381836
2012-06-26,110.76094818115234
2012-06-27,111.7596206665039
2012-06-28,111.44072723388672
2012-06-29,114.21855163574219
2012-07-02,114.56268310546875
2012-07-03,115.31793975830078
2012-07-05,114.79764556884766
2012-07-06,113.70665740966797
2012-07-09,113.56396484375
2012-07-10,112.57368469238281
2012-07-11,112.59046936035156
2012-07-12,112.04496002197266
2012-07-13,113.9248046875
2012-07-16,113.65625762939453
2012-07-17,114.43672943115234
2012-07-18,115.28438568115234
2012-07-19,115.58648681640625
2012-07-20,114.52906799316406
2012-07-23,113.37091064453125
2012-07-24,112.3974609375
2012-07-25,112.42262268066406
2012-07-26,114.27729034423828
2012-07-27,116.38377380371094
2012-07-30,116.38377380371094
2012-07-31,115.5696792602539
2012-08-01,115.46897888183594
2012-08-02,114.67169952392578
2012-08-03,116.946044921875
2012-08-06,117.17259979248047
2012-08-07,117.76008605957031
2012-08-08,117.90276336669922
2012-08-09,118.00342559814453
2012-08-10,118.19648742675781
2012-08-13,118.13774108886719
2012-08-14,118.15449523925781
2012-08-15,118.288818359375
2012-08-16,119.16159057617188
2012-08-17,119.32105255126953
2012-08-20,119.32943725585938
2012-08-21,118.96853637695312
2012-08-22,119.01897430419922
2012-08-23,118.0454330444336
2012-08-24,118.75875854492188
2012-08-27,118.78392028808594
2012-08-28,118.66642761230469
2012-08-29,118.75875854492188
2012-08-30,117.90276336669922
2012-08-31,118.4649887084961
2012-09-04,118.35591125488281
2012-09-05,118.25526428222656
2012-09-06,120.65541076660156
2012-09-07,121.12535095214844
2012-09-10,120.43722534179688
2012-09-11,120.7729263305664
2012-09-12,121.17575073242188
2012-09-13,123.0219955444336
2012-09-14,123.56755828857422
2012-09-17,123.14789581298828
2012-09-18,123.04719543457031
2012-09-19,123.11434173583984
2012-09-20,123.12276458740234
2012-09-21,123.07125091552734
2012-09-24,122.88567352294922
2012-09-25,121.57791137695312
2012-09-26,120.89450073242188
2012-09-27,122.03348541259766
2012-09-28,121.46824645996094
2012-10-01,121.78884887695312
2012-10-02,121.91537475585938
2012-10-03,122.4131851196289
2012-10-04,123.2906265258789
2012-10-05,123.299072265625
2012-10-08,122.87725830078125
2012-10-09,121.66230010986328
2012-10-10,120.88606262207031
2012-10-11,120.95356750488281
2012-10-12,120.5570297241211
2012-10-15,121.56102752685547
2012-10-16,122.7928237915039
2012-10-17,123.3497085571289
2012-10-18,123.02909088134766
2012-10-19,120.97883605957031
2012-10-22,120.99578094482422
2012-10-23,119.3167953491211
2012-10-24,118.9792709350586
2012-10-25,119.32523345947266
2012-10-26,119.25770568847656
2012-10-31,119.25770568847656
2012-11-01,120.50638580322266
2012-11-02,119.43490600585938
2012-11-05,119.6795654296875
2012-11-06,120.61609649658203
2012-11-07,117.88250732421875
2012-11-08,116.46507263183594
2012-11-09,116.56631469726562
2012-11-12,116.65911102294922
2012-11-13,116.25411987304688
2012-11-14,114.684814453125
2012-11-15,114.49079132080078
2012-11-16,115.05609130859375
2012-11-19,117.38471221923828
2012-11-20,117.43531036376953
2012-11-21,117.6546630859375
2012-11-23,119.25770568847656
2012-11-26,119.00463104248047
2012-11-27,118.39717102050781
2012-11-28,119.35052490234375
2012-11-29,119.90736389160156
2012-11-30,119.93267822265625
2012-12-03,119.34207916259766
2012-12-04,119.17335510253906
2012-12-05,119.3843002319336
2012-12-06,119.78926086425781
2012-12-07,120.15203857421875
2012-12-10,120.20272064208984
2012-12-11,121.02104187011719
2012-12-12,121.08012390136719
2012-12-13,120.33765411376953
2012-12-14,119.89051055908203
2012-12-17,121.29949951171875
2012-12-18,122.64939880371094
2012-12-19,121.73819732666016
2012-12-20,122.43848419189453
2012-12-21,121.32707977294922
2012-12-24,120.9532470703125
2012-12-26,120.44347381591797
2012-12-27,120.28199768066406
2012-12-28,118.9819564819336
2012-12-31,121.00421142578125
2013-01-02,124.1055679321289
2013-01-03,123.8251724243164
2013-01-04,124.36894226074219
2013-01-07,124.02913665771484
2013-01-08,123.67227172851562
2013-01-09,123.98661041259766
2013-01-10,124.9722671508789
2013-01-11,124.96380615234375
2013-01-14,124.8788070678711
2013-01-15,124.96380615234375
2013-01-16,124.94678497314453
2013-01-17,125.75395202636719
2013-01-18,126.03437805175781
2013-01-22,126.714111328125
2013-01-23,126.91802215576172
2013-01-24,126.9520263671875
2013-01-25,127.66584014892578
2013-01-28,127.5127944946289
2013-01-29,128.0141143798828
2013-01-30,127.5127944946289
2013-01-31,127.19847869873047
2013-02-01,128.5070037841797
2013-02-04,127.06246948242188
2013-02-05,128.34556579589844
2013-02-06,128.4390106201172
2013-02-07,128.26905822753906
2013-02-08,128.98280334472656
2013-02-11,128.95730590820312
2013-02-12,129.16973876953125
2013-02-13,129.2801971435547
2013-02-14,129.399169921875
2013-02-15,129.24618530273438
2013-02-19,130.21485900878906
2013-02-20,128.59190368652344
2013-02-21,127.81021881103516
2013-02-22,129.0592498779297
2013-02-25,126.60368347167969
2013-02-26,127.47032165527344
2013-02-27,129.07626342773438
2013-02-28,128.82130432128906
2013-03-01,129.24618530273438
2013-03-04,129.93446350097656
2013-03-05,131.09854125976562
2013-03-06,131.2769775390625
2013-03-07,131.514892578125
2013-03-08,132.07568359375
2013-03-11,132.57696533203125
2013-03-12,132.2795867919922
2013-03-13,132.46652221679688
2013-03-14,133.17173767089844
2013-03-15,132.9959259033203
2013-03-18,132.26194763183594
2013-03-19,131.95465087890625
2013-03-20,132.87648010253906
2013-03-21,131.74139404296875
2013-03-22,132.7996368408203
2013-03-25,132.24488830566406
2013-03-26,133.30322265625
2013-03-27,133.30322265625
2013-03-28,133.71287536621094
2013-04-01,133.18374633789062
2013-04-02,133.8408966064453
2013-04-03,132.4838409423828
2013-04-04,133.0215606689453
2013-04-05,132.4241180419922
2013-04-08,133.32032775878906
2013-04-09,133.7811279296875
2013-04-10,135.41981506347656
2013-04-11,135.8635711669922
2013-04-12,135.53070068359375
2013-04-15,132.3899688720703
2013-04-16,134.34439086914062
2013-04-17,132.38153076171875
2013-04-18,131.55355834960938
2013-04-19,132.69720458984375
2013-04-22,133.28614807128906
2013-04-23,134.66017150878906
2013-04-24,134.74559020996094
2013-04-25,135.29177856445312
2013-04-26,135.05279541015625
2013-04-29,135.9574737548828
2013-04-30,136.2817840576172
2013-05-01,135.08694458007812
2013-05-02,136.34156799316406
2013-05-03,137.72415161132812
2013-05-06,138.07408142089844
2013-05-07,138.77391052246094
2013-05-08,139.40550231933594
2013-05-09,139.01290893554688
2013-05-10,139.46522521972656
2013-05-13,139.5761260986328
2013-05-14,141.0185546875
2013-05-15,141.77810668945312
2013-05-16,141.1124267578125
2013-05-17,142.47799682617188
2013-05-20,142.46942138671875
2013-05-21,142.6742706298828
2013-05-22,141.61598205566406
2013-05-23,141.206298828125
2013-05-24,141.08685302734375
2013-05-28,141.9317626953125
2013-05-29,141.01004028320312
2013-05-30,141.53065490722656
2013-05-31,139.49935913085938
2013-06-03,140.2675018310547
2013-06-04,139.59324645996094
2013-06-05,137.63876342773438
2013-06-06,138.88490295410156
2013-06-07,140.65155029296875
2013-06-10,140.65155029296875
2013-06-11,139.2006378173828
2013-06-12,138.0484619140625
2013-06-13,140.14796447753906
2013-06-14,139.26890563964844
2013-06-17,140.34429931640625
2013-06-18,141.45379638671875
2013-06-19,139.49935913085938
2013-06-20,136.0428009033203
2013-06-21,136.47955322265625
2013-06-24,134.75503540039062
2013-06-25,136.05056762695312
2013-06-26,137.39759826660156
2013-06-27,138.20407104492188
2013-06-28,137.63783264160156
2013-07-01,138.44436645507812
2013-07-02,138.31564331054688
2013-07-03,138.3756561279297
2013-07-05,139.86862182617188
2013-07-08,140.66650390625
2013-07-09,141.67889404296875
2013-07-10,141.73040771484375
2013-07-11,143.660888671875
2013-07-12,143.72091674804688
2013-07-15,144.27005004882812
2013-07-16,143.7294921875
2013-07-17,144.09844970703125
2013-07-18,144.8877716064453
2013-07-19,145.14517211914062
2013-07-22,145.42832946777344
2013-07-23,145.11947631835938
2013-07-24,144.5874786376953
2013-07-25,144.93927001953125
2013-07-26,145.09365844726562
2013-07-29,144.6475372314453
2013-07-30,144.6475372314453
2013-07-31,144.75057983398438
2013-08-01,146.423583984375
2013-08-02,146.67237854003906
2013-08-05,146.4579315185547
2013-08-06,145.62562561035156
2013-08-07,145.15380859375
2013-08-08,145.68569946289062
2013-08-09,145.26531982421875
2013-08-12,145.09365844726562
2013-08-13,145.52267456054688
2013-08-14,144.77621459960938
2013-08-15,142.7514190673828
2013-08-16,142.27955627441406
2013-08-19,141.3700714111328
2013-08-20,142.0650177001953
2013-08-21,141.1898651123047
2013-08-22,142.4768829345703
2013-08-23,142.95733642578125
2013-08-26,142.42535400390625
2013-08-27,140.1345672607422
2013-08-28,140.63223266601562
2013-08-29,140.85525512695312
2013-08-30,140.4091033935547
2013-09-03,141.04400634765625
2013-09-04,142.2108612060547
2013-09-05,142.39105224609375
2013-09-06,142.45968627929688
2013-09-09,143.82391357421875
2013-09-10,144.8877716064453
2013-09-11,145.34254455566406
2013-09-12,144.95645141601562
2013-09-13,145.28240966796875
2013-09-16,146.12327575683594
2013-09-17,146.77536010742188
2013-09-18,148.4741668701172
2013-09-19,148.22535705566406
2013-09-20,147.18905639648438
2013-09-23,146.50790405273438
2013-09-24,146.1630401611328
2013-09-25,145.74058532714844
2013-09-26,146.30101013183594
2013-09-27,145.6284942626953
2013-09-30,144.85256958007812
2013-10-01,145.99925231933594
2013-10-02,145.86134338378906
2013-10-03,144.5163116455078
2013-10-04,145.6112823486328
2013-10-07,144.35247802734375
2013-10-08,142.6712646484375
2013-10-09,142.77474975585938
2013-10-10,145.8526611328125
2013-10-11,146.7924041748047
2013-10-14,147.37872314453125
2013-10-15,146.30960083007812
2013-10-16,148.3529815673828
2013-10-17,149.34445190429688
2013-10-18,150.3531951904297
2013-10-21,150.36178588867188
2013-10-22,151.23263549804688
2013-10-23,150.5083770751953
2013-10-24,151.00845336914062
2013-10-25,151.69815063476562
2013-10-28,151.9396209716797
2013-10-29,152.75003051757812
2013-10-30,151.9913330078125
2013-10-31,151.56021118164062
2013-11-01,151.92234802246094
2013-11-04,152.45689392089844
2013-11-05,151.9740447998047
2013-11-06,152.75003051757812
2013-11-07,150.8187713623047
2013-11-08,152.85350036621094
2013-11-11,152.8793182373047
2013-11-12,152.5689239501953
2013-11-13,153.793212890625
2013-11-14,154.56056213378906
2013-11-15,155.2330322265625
2013-11-18,154.6898651123047
2013-11-19,154.35362243652344
2013-11-20,153.87081909179688
2013-11-21,155.1123046875
2013-11-22,155.88829040527344
2013-11-25,155.73313903808594
2013-11-26,155.77622985839844
2013-11-27,156.15557861328125
2013-11-29,156.05210876464844
2013-12-02,155.6469268798828
2013-12-03,154.97439575195312
2013-12-04,154.95713806152344
2013-12-05,154.2760009765625
2013-12-06,156.0004119873047
2013-12-09,156.39695739746094
2013-12-10,155.83651733398438
2013-12-11,154.08636474609375
2013-12-12,153.57769775390625
2013-12-13,153.56044006347656
2013-12-16,154.51739501953125
2013-12-17,154.0260009765625
2013-12-18,156.65560913085938
2013-12-19,156.47457885742188
2013-12-20,157.38478088378906
2013-12-23,158.22560119628906
2013-12-24,158.5723419189453
2013-12-26,159.3784942626953
2013-12-27,159.36981201171875
2013-12-30,159.3438720703125
2013-12-31,160.09799194335938
2014-01-02,158.56369018554688
2014-01-03,158.5376434326172
2014-01-06,158.07821655273438
2014-01-07,159.04908752441406
2014-01-08,159.08375549316406
2014-01-09,159.1878204345703
2014-01-10,159.62123107910156
2014-01-13,157.49746704101562
2014-01-14,159.21380615234375
2014-01-15,160.0719757080078
2014-01-16,159.8639373779297
2014-01-17,159.1878204345703
2014-01-21,159.6558837890625
2014-01-22,159.75994873046875
2014-01-23,158.4509735107422
2014-01-24,155.0702362060547
2014-01-27,154.3074493408203
2014-01-28,155.2262725830078
2014-01-29,153.73532104492188
2014-01-30,155.364990234375
2014-01-31,154.45480346679688
2014-02-03,150.97877502441406
2014-02-04,152.03631591796875
2014-02-05,151.84561157226562
2014-02-06,153.84800720214844
2014-02-07,155.75502014160156
2014-02-10,156.04115295410156
2014-02-11,157.74888610839844
2014-02-12,157.8268585205078
2014-02-13,158.64170837402344
2014-02-14,159.51719665527344
2014-02-18,159.7078857421875
2014-02-19,158.65037536621094
2014-02-20,159.5865936279297
2014-02-21,159.40447998046875
2014-02-24,160.28866577148438
2014-02-25,160.22796630859375
2014-02-26,160.2366943359375
2014-02-27,161.0775146484375
2014-02-28,161.4849395751953
2014-03-03,160.34938049316406
2014-03-04,162.6031951904297
2014-03-05,162.7505340576172
2014-03-06,163.123291015625
2014-03-07,163.19259643554688
2014-03-10,163.10597229003906
2014-03-11,162.29977416992188
2014-03-12,162.34307861328125
2014-03-13,160.52273559570312
2014-03-14,160.0719757080078
2014-03-17,161.51959228515625
2014-03-18,162.67250061035156
2014-03-19,161.80567932128906
2014-03-20,162.7505340576172
2014-03-21,162.11923217773438
2014-03-24,161.44886779785156
2014-03-25,162.21505737304688
2014-03-26,161.04840087890625
2014-03-27,160.70880126953125
2014-03-28,161.50111389160156
2014-03-31,162.82452392578125
2014-04-01,163.90419006347656
2014-04-02,164.45272827148438
2014-04-03,164.23507690429688
2014-04-04,162.2934112548828
2014-04-07,160.4998779296875
2014-04-08,161.16156005859375
2014-04-09,162.89419555664062
2014-04-10,159.4724578857422
2014-04-11,158.03585815429688
2014-04-14,159.2808837890625
2014-04-15,160.3779296875
2014-04-16,162.05838012695312
2014-04-17,162.2847137451172
2014-04-21,162.8506317138672
2014-04-22,163.59071350097656
2014-04-23,163.2075958251953
2014-04-24,163.53846740722656
2014-04-25,162.1976776123047
2014-04-28,162.7113494873047
2014-04-29,163.4688262939453
2014-04-30,163.9564208984375
2014-05-01,163.97378540039062
2014-05-02,163.7387237548828
2014-05-05,164.0521697998047
2014-05-06,162.62425231933594
2014-05-07,163.58203125
2014-05-08,163.4079132080078
2014-05-09,163.65170288085938
2014-05-12,165.24496459960938
2014-05-13,165.39305114746094
2014-05-14,164.60943603515625
2014-05-15,163.16409301757812
2014-05-16,163.7300262451172
2014-05-19,164.33079528808594
2014-05-20,163.29469299316406
2014-05-21,164.6703643798828
2014-05-22,165.07086181640625
2014-05-23,165.7325897216797
2014-05-27,166.75128173828125
2014-05-28,166.62939453125
2014-05-29,167.49134826660156
2014-05-30,167.76123046875
2014-06-02,167.95278930664062
2014-06-03,167.86572265625
2014-06-04,168.2052764892578
2014-06-05,169.30233764648438
2014-06-06,170.11204528808594
2014-06-09,170.28622436523438
2014-06-10,170.30364990234375
2014-06-11,169.71157836914062
2014-06-12,168.510009765625
2014-06-13,169.02371215820312
2014-06-16,169.1630096435547
2014-06-17,169.63323974609375
2014-06-18,170.87826538085938
2014-06-19,171.06979370117188
2014-06-20,171.41714477539062
2014-06-23,171.36463928222656
2014-06-24,170.33229064941406
2014-06-25,171.1021728515625
2014-06-26,170.97970581054688
2014-06-27,171.3121337890625
2014-06-30,171.2246551513672
2014-07-01,172.37074279785156
2014-07-02,172.54566955566406
2014-07-03,173.39425659179688
2014-07-07,172.7906036376953
2014-07-08,171.67955017089844
2014-07-09,172.44943237304688
2014-07-10,171.7670440673828
2014-07-11,172.00331115722656
2014-07-14,172.86935424804688
2014-07-15,172.54566955566406
2014-07-16,173.184326171875
2014-07-17,171.2158660888672
2014-07-18,172.96559143066406
2014-07-21,172.64190673828125
2014-07-22,173.39425659179688
2014-07-23,173.77919006347656
2014-07-24,173.78797912597656
2014-07-25,172.974365234375
2014-07-28,173.0443115234375
2014-07-29,172.3007049560547
2014-07-30,172.32693481445312
2014-07-31,168.92381286621094
2014-08-01,168.40765380859375
2014-08-04,169.62364196777344
2014-08-05,167.97894287109375
2014-08-06,168.03147888183594
2014-08-07,167.12164306640625
2014-08-08,169.05499267578125
2014-08-11,169.544921875
2014-08-12,169.30877685546875
2014-08-13,170.45477294921875
2014-08-14,171.2596893310547
2014-08-15,171.2246551513672
2014-08-18,172.659423828125
2014-08-19,173.5605010986328
2014-08-20,174.02415466308594
2014-08-21,174.53158569335938
2014-08-22,174.26036071777344
2014-08-25,175.14395141601562
2014-08-26,175.25772094726562
2014-08-27,175.18772888183594
2014-08-28,175.09144592285156
2014-08-29,175.5901336669922
2014-09-02,175.50262451171875
2014-09-03,175.40640258789062
2014-09-04,175.15269470214844
2014-09-05,175.9400634765625
2014-09-08,175.4851531982422
2014-09-09,174.37413024902344
2014-09-10,175.03018188476562
2014-09-11,175.23143005371094
2014-09-12,174.20787048339844
2014-09-15,174.07662963867188
2014-09-16,175.38890075683594
2014-09-17,175.62513732910156
2014-09-18,176.56121826171875
2014-09-19,176.402099609375
2014-09-22,175.03976440429688
2014-09-23,174.03781127929688
2014-09-24,175.40016174316406
2014-09-25,172.56996154785156
2014-09-26,173.9411163330078
2014-09-29,173.62466430664062
2014-09-30,173.1676788330078
2014-10-01,170.8208465576172
2014-10-02,170.84725952148438
2014-10-03,172.72817993164062
2014-10-06,172.5260009765625
2014-10-07,169.86282348632812
2014-10-08,172.8336181640625
2014-10-09,169.40582275390625
2014-10-10,167.47216796875
2014-10-13,164.7211151123047
2014-10-14,164.97601318359375
2014-10-15,163.85971069335938
2014-10-16,163.7191162109375
2014-10-17,165.6527557373047
2014-10-20,167.2611541748047
2014-10-21,170.57481384277344
2014-10-22,169.36190795898438
2014-10-23,171.33067321777344
2014-10-24,172.6490936279297
2014-10-27,172.41175842285156
2014-10-28,174.38938903808594
2014-10-29,174.12567138671875
2014-10-30,175.241943359375
2014-10-31,177.2458953857422
2014-11-03,177.3425750732422
2014-11-04,176.7273712158203
2014-11-05,177.84361267089844
2014-11-06,178.5554962158203
2014-11-07,178.72250366210938
2014-11-10,179.28500366210938
2014-11-11,179.4608154296875
2014-11-12,179.26747131347656
2014-11-13,179.46958923339844
2014-11-14,179.5135498046875
2014-11-17,179.6278076171875
2014-11-18,180.66493225097656
2014-11-19,180.3749237060547
2014-11-20,180.69129943847656
2014-11-21,181.6581268310547
2014-11-24,182.16790771484375
2014-11-25,182.03602600097656
2014-11-26,182.50192260742188
2014-11-28,182.11520385742188
2014-12-01,180.84954833984375
2014-12-02,182.01849365234375
2014-12-03,182.72164916992188
2014-12-04,182.51951599121094
2014-12-05,182.8183135986328
2014-12-08,181.5966033935547
2014-12-09,181.4735870361328
2014-12-10,178.56431579589844
2014-12-11,179.46958923339844
2014-12-12,176.56910705566406
2014-12-15,175.356201171875
2014-12-16,173.94989013671875
2014-12-17,177.36016845703125
2014-12-18,181.74607849121094
2014-12-19,182.51937866210938
2014-12-22,183.35897827148438
2014-12-23,183.6064453125
2014-12-24,183.62408447265625
2014-12-26,184.21620178222656
2014-12-29,184.46368408203125
2014-12-30,183.47384643554688
2014-12-31,181.65325927734375
2015-01-02,181.55599975585938
2015-01-05,178.2771759033203
2015-01-06,176.5980224609375
2015-01-07,178.79861450195312
2015-01-08,181.97142028808594
2015-01-09,180.51316833496094
2015-01-12,179.09912109375
2015-01-13,178.59532165527344
2015-01-14,177.51712036132812
2015-01-15,175.89102172851562
2015-01-16,178.1976776123047
2015-01-20,178.5776824951172
2015-01-21,179.47915649414062
2015-01-22,182.14820861816406
2015-01-23,181.1494903564453
2015-01-26,181.57369995117188
2015-01-27,179.1786346435547
2015-01-28,176.88076782226562
2015-01-29,178.51580810546875
2015-01-30,176.27099609375
2015-02-02,178.4539337158203
2015-02-03,181.03460693359375
2015-02-04,180.34521484375
2015-02-05,182.16586303710938
2015-02-06,181.66207885742188
2015-02-09,180.84898376464844
2015-02-10,182.77565002441406
2015-02-11,182.88169860839844
2015-02-12,184.64044189453125
2015-02-13,185.4005126953125
2015-02-17,185.6921844482422
2015-02-18,185.70980834960938
2015-02-19,185.57725524902344
2015-02-20,186.69081115722656
2015-02-23,186.66427612304688
2015-02-24,187.19461059570312
2015-02-25,187.03550720214844
2015-02-26,186.81454467773438
2015-02-27,186.17823791503906
2015-03-02,187.35366821289062
2015-03-03,186.5847625732422
2015-03-04,185.79818725585938
2015-03-05,186.00144958496094
2015-03-06,183.38543701171875
2015-03-09,184.14552307128906
2015-03-10,181.15829467773438
2015-03-11,180.73410034179688
2015-03-12,183.0319366455078
2015-03-13,181.90956115722656
2015-03-16,184.3399658203125
2015-03-17,183.7919921875
2015-03-18,186.00144958496094
2015-03-19,185.15306091308594
2015-03-20,186.7873992919922
2015-03-23,186.4234161376953
2015-03-24,185.37591552734375
2015-03-25,182.659423828125
2015-03-26,182.22442626953125
2015-03-27,182.6416778564453
2015-03-30,184.86981201171875
2015-03-31,183.2541961669922
2015-04-01,182.60614013671875
2015-04-02,183.26307678222656
2015-04-06,184.4970245361328
2015-04-07,184.0087432861328
2015-04-08,184.63014221191406
2015-04-09,185.44688415527344
2015-04-10,186.4588623046875
2015-04-13,185.6155548095703
2015-04-14,185.97064208984375
2015-04-15,186.8050994873047
2015-04-16,186.75180053710938
2015-04-17,184.60353088378906
2015-04-20,186.29025268554688
2015-04-21,186.0683135986328
2015-04-22,186.9826202392578
2015-04-23,187.45315551757812
2015-04-24,187.88818359375
2015-04-27,187.10694885253906
2015-04-28,187.70172119140625
2015-04-29,186.92941284179688
2015-04-30,185.0562744140625
2015-05-01,187.0625762939453
2015-05-04,187.59521484375
2015-05-05,185.44688415527344
2015-05-06,184.68344116210938
2015-05-07,185.42025756835938
2015-05-08,187.8614959716797
2015-05-11,186.96487426757812
2015-05-12,186.40560913085938
2015-05-13,186.44114685058594
2015-05-14,188.3852996826172
2015-05-15,188.58949279785156
2015-05-18,189.17532348632812
2015-05-19,189.11322021484375
2015-05-20,188.98007202148438
2015-05-21,189.53042602539062
2015-05-22,189.07766723632812
2015-05-26,187.04478454589844
2015-05-27,188.82025146484375
2015-05-28,188.60720825195312
2015-05-29,187.4353790283203
2015-06-01,187.817138671875
2015-06-02,187.63067626953125
2015-06-03,188.12782287597656
2015-06-04,186.5387725830078
2015-06-05,186.21917724609375
2015-06-08,185.0740203857422
2015-06-09,185.04737854003906
2015-06-10,187.26670837402344
2015-06-11,187.87039184570312
2015-06-12,186.4322509765625
2015-06-15,185.63333129882812
2015-06-16,186.64532470703125
2015-06-17,186.9471435546875
2015-06-18,188.89125061035156
2015-06-19,188.05276489257812
2015-06-22,189.01617431640625
2015-06-23,189.1499786376953
2015-06-24,187.77622985839844
2015-06-25,187.2052764892578
2015-06-26,187.1696014404297
2015-06-29,183.24459838867188
2015-06-30,183.628173828125
2015-07-01,185.1000518798828
2015-07-02,184.93055725097656
2015-07-06,184.40426635742188
2015-07-07,185.56396484375
2015-07-08,182.45069885253906
2015-07-09,182.7807159423828
2015-07-10,185.08218383789062
2015-07-13,187.12498474121094
2015-07-14,187.93678283691406
2015-07-15,187.8743133544922
2015-07-16,189.3818817138672
2015-07-17,189.54248046875
2015-07-20,189.640625
2015-07-21,188.8912811279297
2015-07-22,188.55230712890625
2015-07-23,187.49075317382812
2015-07-24,185.5460662841797
2015-07-27,184.4666748046875
2015-07-28,186.73252868652344
2015-07-29,188.01707458496094
2015-07-30,188.06167602539062
2015-07-31,187.77622985839844
2015-08-03,187.14285278320312
2015-08-04,186.7771759033203
2015-08-05,187.39263916015625
2015-08-06,185.85833740234375
2015-08-07,185.50148010253906
2015-08-10,187.83868408203125
2015-08-11,186.14376831054688
2015-08-12,186.36679077148438
2015-08-13,186.13485717773438
2015-08-14,186.81283569335938
2015-08-17,187.8564910888672
2015-08-18,187.3123321533203
2015-08-19,185.83155822753906
2015-08-20,181.95114135742188
2015-08-21,176.47396850585938
2015-08-24,169.04315185546875
2015-08-25,167.0539093017578
2015-08-26,173.4677734375
2015-08-27,177.75852966308594
2015-08-28,177.7674102783203
2015-08-31,176.33123779296875
2015-09-01,171.06813049316406
2015-09-02,174.31521606445312
2015-09-03,174.44009399414062
2015-09-04,171.7996063232422
2015-09-08,176.1171112060547
2015-09-09,173.7621307373047
2015-09-10,174.70767211914062
2015-09-11,175.5016326904297
2015-09-14,174.85047912597656
2015-09-15,177.03594970703125
2015-09-16,178.5702667236328
2015-09-17,178.1688232421875
2015-09-18,175.2572784423828
2015-09-21,176.16294860839844
2015-09-22,173.8764190673828
2015-09-23,173.5984649658203
2015-09-24,172.9707489013672
2015-09-25,172.92593383789062
2015-09-28,168.58595275878906
2015-09-29,168.6846160888672
2015-09-30,171.83197021484375
2015-10-01,172.2803192138672
2015-10-02,174.8538055419922
2015-10-05,177.96531677246094
2015-10-06,177.3555450439453
2015-10-07,178.80819702148438
2015-10-08,180.42222595214844
2015-10-09,180.52981567382812
2015-10-12,180.70018005371094
2015-10-13,179.5614013671875
2015-10-14,178.70057678222656
2015-10-15,181.4444580078125
2015-10-16,182.26939392089844
2015-10-19,182.35903930664062
2015-10-20,182.1259307861328
2015-10-21,180.99609375
2015-10-22,184.0537872314453
2015-10-23,186.07131958007812
2015-10-26,185.61402893066406
2015-10-27,185.2553253173828
2015-10-28,187.362548828125
2015-10-29,187.25494384765625
2015-10-30,186.44796752929688
2015-11-02,188.65380859375
2015-11-03,189.20077514648438
2015-11-04,188.62689208984375
2015-11-05,188.43858337402344
2015-11-06,188.33995056152344
2015-11-09,186.58245849609375
2015-11-10,187.01284790039062
2015-11-11,186.27761840820312
2015-11-12,183.67721557617188
2015-11-13,181.61476135253906
2015-11-16,184.37660217285156
2015-11-17,184.24209594726562
2015-11-18,187.16534423828125
2015-11-19,187.00390625
2015-11-20,187.68536376953125
2015-11-23,187.47012329101562
2015-11-24,187.7212371826172
2015-11-25,187.6943359375
2015-11-27,187.9095458984375
2015-11-30,187.12945556640625
2015-12-01,188.91378784179688
2015-12-02,186.98594665527344
2015-12-03,184.36764526367188
2015-12-04,187.96331787109375
2015-12-07,186.82455444335938
2015-12-08,185.56918334960938
2015-12-09,184.12551879882812
2015-12-10,184.60076904296875
2015-12-11,181.02296447753906
2015-12-14,181.9376220703125
2015-12-15,183.84754943847656
2015-12-16,186.53759765625
2015-12-17,183.6951446533203
2015-12-18,180.42259216308594
2015-12-21,181.91090393066406
2015-12-22,183.56163024902344
2015-12-23,185.83474731445312
2015-12-24,185.52798461914062
2015-12-28,185.10414123535156
2015-12-29,187.07948303222656
2015-12-30,185.7535400390625
2015-12-31,183.89537048339844
2016-01-04,181.32461547851562
2016-01-05,181.63128662109375
2016-01-06,179.34014892578125
2016-01-07,175.03753662109375
2016-01-08,173.1162109375
2016-01-11,173.28761291503906
2016-01-12,174.6857452392578
2016-01-13,170.32891845703125
2016-01-14,173.1251983642578
2016-01-15,169.4088897705078
2016-01-19,169.63438415527344
2016-01-20,167.46054077148438
2016-01-21,168.3986358642578
2016-01-22,171.8533172607422
2016-01-25,169.25552368164062
2016-01-26,171.56468200683594
2016-01-27,169.69752502441406
2016-01-28,170.58152770996094
2016-01-29,174.73983764648438
2016-02-01,174.67669677734375
2016-02-02,171.52862548828125
2016-02-03,172.5569610595703
2016-02-04,172.82752990722656
2016-02-05,169.5352020263672
2016-02-08,167.2530517578125
2016-02-09,167.26206970214844
2016-02-10,167.1177520751953
2016-02-11,164.94384765625
2016-02-12,168.34451293945312
2016-02-16,171.1858673095703
2016-02-17,173.98216247558594
2016-02-18,173.26954650878906
2016-02-19,173.18836975097656
2016-02-22,175.69598388671875
2016-02-23,173.4770050048828
2016-02-24,174.27078247070312
2016-02-25,176.3815155029297
2016-02-26,175.97561645507812
2016-02-29,174.59552001953125
2016-03-01,178.69970703125
2016-03-02,179.50253295898438
2016-03-03,180.20608520507812
2016-03-04,180.79238891601562
2016-03-07,180.93675231933594
2016-03-08,178.9613037109375
2016-03-09,179.8452911376953
2016-03-10,179.98959350585938
2016-03-11,182.89410400390625
2016-03-14,182.6595916748047
2016-03-15,182.3619384765625
2016-03-16,183.4172821044922
2016-03-17,184.58090209960938
2016-03-18,185.30625915527344
2016-03-21,185.56918334960938
2016-03-22,185.46942138671875
2016-03-23,184.2454376220703
2016-03-24,184.16387939453125
2016-03-28,184.2726287841797
2016-03-29,185.97714233398438
2016-03-30,186.79319763183594
2016-03-31,186.3398895263672
2016-04-01,187.6091766357422
2016-04-04,187.00172424316406
2016-04-05,185.1339569091797
2016-04-06,187.15586853027344
2016-04-07,184.91635131835938
2016-04-08,185.41506958007812
2016-04-11,184.97984313964844
2016-04-12,186.70252990722656
2016-04-13,188.58839416503906
2016-04-14,188.5974578857422
2016-04-15,188.3889617919922
2016-04-18,189.7126922607422
2016-04-19,190.31106567382812
2016-04-20,190.49241638183594
2016-04-21,189.46788024902344
2016-04-22,189.46788024902344
2016-04-25,189.1414794921875
2016-04-26,189.4225616455078
2016-04-27,189.8124237060547
2016-04-28,188.0897216796875
2016-04-29,187.07424926757812
2016-05-02,188.56121826171875
2016-05-03,186.92013549804688
2016-05-04,185.87742614746094
2016-05-05,185.84121704101562
2016-05-06,186.5211944580078
2016-05-09,186.6753387451172
2016-05-10,188.99639892578125
2016-05-11,187.22840881347656
2016-05-12,187.28280639648438
2016-05-13,185.65077209472656
2016-05-16,187.48226928710938
2016-05-17,185.73239135742188
2016-05-18,185.78675842285156
2016-05-19,185.14300537109375
2016-05-20,186.31263732910156
2016-05-23,186.05880737304688
2016-05-24,188.47052001953125
2016-05-25,189.74893188476562
2016-05-26,189.80335998535156
2016-05-27,190.61936950683594
2016-05-31,190.25668334960938
2016-06-01,190.64659118652344
2016-06-02,191.2268524169922
2016-06-03,190.65562438964844
2016-06-06,191.6257781982422
2016-06-07,191.9249725341797
2016-06-08,192.5505828857422
2016-06-09,192.28765869140625
2016-06-10,190.46522521972656
2016-06-13,188.99639892578125
2016-06-14,188.62464904785156
2016-06-15,188.36172485351562
2016-06-16,188.92385864257812
2016-06-17,188.22032165527344
2016-06-20,189.4324493408203
2016-06-21,189.97019958496094
2016-06-22,189.66030883789062
2016-06-23,192.130126953125
2016-06-24,185.23094177246094
2016-06-27,181.91346740722656
2016-06-28,185.19448852539062
2016-06-29,188.34786987304688
2016-06-30,190.91798400878906
2016-07-01,191.31900024414062
2016-07-05,189.94281005859375
2016-07-06,191.08206176757812
2016-07-07,190.9635467529297
2016-07-08,193.80714416503906
2016-07-11,194.4906463623047
2016-07-12,195.90328979492188
2016-07-13,195.87594604492188
2016-07-14,196.96961975097656
2016-07-15,196.705322265625
2016-07-18,197.23390197753906
2016-07-19,197.03341674804688
2016-07-20,197.85369873046875
2016-07-21,197.10633850097656
2016-07-22,197.99037170410156
2016-07-25,197.45266723632812
2016-07-26,197.54383850097656
2016-07-27,197.3341827392578
2016-07-28,197.56204223632812
2016-07-29,197.88104248046875
2016-08-01,197.7169647216797
2016-08-02,196.45013427734375
2016-08-03,197.02432250976562
2016-08-04,197.23390197753906
2016-08-05,198.8471221923828
2016-08-08,198.7285919189453
2016-08-09,198.8471221923828
2016-08-10,198.3549346923828
2016-08-11,199.2754364013672
2016-08-12,199.10226440429688
2016-08-15,199.67645263671875
2016-08-16,198.64662170410156
2016-08-17,199.02027893066406
2016-08-18,199.4668426513672
2016-08-19,199.1752166748047
2016-08-22,199.16607666015625
2016-08-23,199.56707763671875
2016-08-24,198.5463409423828
2016-08-25,198.40960693359375
2016-08-26,198.0359649658203
2016-08-29,199.01116943359375
2016-08-30,198.68304443359375
2016-08-31,198.1179962158203
2016-09-01,198.12710571289062
2016-09-02,199.02027893066406
2016-09-06,199.62176513671875
2016-09-07,199.60354614257812
2016-09-08,199.1478271484375
2016-09-09,194.3813018798828
2016-09-12,197.1701202392578
2016-09-13,194.335693359375
2016-09-14,194.26278686523438
2016-09-15,196.20404052734375
2016-09-16,195.44561767578125
2016-09-19,195.48223876953125
2016-09-20,195.49143981933594
2016-09-21,197.6898193359375
2016-09-22,198.93553161621094
2016-09-23,197.8455047607422
2016-09-26,196.24252319335938
2016-09-27,197.4608154296875
2016-09-28,198.44090270996094
2016-09-29,196.6455535888672
2016-09-30,198.12948608398438
2016-10-03,197.65316772460938
2016-10-04,196.6455535888672
2016-10-05,197.51577758789062
2016-10-06,197.65316772460938
2016-10-07,196.975341796875
2016-10-10,198.00125122070312
2016-10-11,195.50057983398438
2016-10-12,195.75704956054688
2016-10-13,195.1158905029297
2016-10-14,195.21664428710938
2016-10-17,194.53878784179688
2016-10-18,195.75704956054688
2016-10-19,196.2791748046875
2016-10-20,195.91281127929688
2016-10-21,196.00439453125
2016-10-24,196.8379364013672
2016-10-25,196.17840576171875
2016-10-26,195.78453063964844
2016-10-27,195.26243591308594
2016-10-28,194.68533325195312
2016-10-31,194.69451904296875
2016-11-01,193.28384399414062
2016-11-02,192.12054443359375
2016-11-03,191.24118041992188
2016-11-04,191.030517578125
2016-11-07,195.24407958984375
2016-11-08,196.1234588623047
2016-11-09,198.20277404785156
2016-11-10,198.69741821289062
2016-11-11,198.23936462402344
2016-11-14,198.39511108398438
2016-11-15,199.9431610107422
2016-11-16,199.5675811767578
2016-11-17,200.593505859375
2016-11-18,200.14466857910156
2016-11-21,201.6560516357422
2016-11-22,202.04995727539062
2016-11-23,202.1598663330078
2016-11-25,202.91094970703125
2016-11-28,201.95834350585938
2016-11-29,202.3522186279297
2016-11-30,201.86676025390625
2016-12-01,201.1248016357422
2016-12-02,201.2255096435547
2016-12-05,202.43466186523438
2016-12-06,203.07583618164062
2016-12-07,205.73220825195312
2016-12-08,206.2360382080078
2016-12-09,207.4817352294922
2016-12-12,207.2436065673828
2016-12-13,208.62677001953125
2016-12-14,206.90469360351562
2016-12-15,207.756591796875
2016-12-16,207.3502197265625
2016-12-19,207.8017120361328
2016-12-20,208.60333251953125
2016-12-21,208.02285766601562
2016-12-22,207.66351318359375
2016-12-23,207.96759033203125
2016-12-27,208.48355102539062
2016-12-28,206.76052856445312
2016-12-29,206.71444702148438
2016-12-30,205.9589080810547
2017-01-03,207.53451538085938
2017-01-04,208.7692108154297
2017-01-05,208.60333251953125
2017-01-06,209.34967041015625
2017-01-09,208.6586456298828
2017-01-10,208.6586456298828
2017-01-11,209.2483367919922
2017-01-12,208.7230987548828
2017-01-13,209.20225524902344
2017-01-17,208.4651336669922
2017-01-18,208.92579650878906
2017-01-19,208.15187072753906
2017-01-20,208.91661071777344
2017-01-23,208.37298583984375
2017-01-24,209.70901489257812
2017-01-25,211.52413940429688
2017-01-26,211.30303955078125
2017-01-27,210.97132873535156
2017-01-30,209.66294860839844
2017-01-31,209.64450073242188
2017-02-01,209.7274627685547
2017-02-02,209.8656463623047
2017-02-03,211.31224060058594
2017-02-06,210.9344482421875
2017-02-07,210.9436798095703
2017-02-08,211.22010803222656
2017-02-09,212.4731903076172
2017-02-10,213.31163024902344
2017-02-13,214.47262573242188
2017-02-14,215.3295135498047
2017-02-15,216.45359802246094
2017-02-16,216.26931762695312
2017-02-17,216.61024475097656
2017-02-21,217.90020751953125
2017-02-22,217.70669555664062
2017-02-23,217.85409545898438
2017-02-24,218.1305389404297
2017-02-27,218.47145080566406
2017-02-28,217.8817901611328
2017-03-01,220.93157958984375
2017-03-02,219.54029846191406
2017-03-03,219.67849731445312
2017-03-06,219.02430725097656
2017-03-07,218.3701171875
2017-03-08,217.96470642089844
2017-03-09,218.24110412597656
2017-03-10,219.00587463378906
2017-03-13,219.116455078125
2017-03-14,218.2779541015625
2017-03-15,220.16685485839844
2017-03-16,219.73374938964844
2017-03-17,219.34786987304688
2017-03-20,219.10726928710938
2017-03-21,216.2940216064453
2017-03-22,216.8030242919922
2017-03-23,216.57164001464844
2017-03-24,216.41432189941406
2017-03-27,216.1922607421875
2017-03-28,217.7654571533203
2017-03-29,217.96900939941406
2017-03-30,218.6630859375
2017-03-31,218.15411376953125
2017-04-03,217.7747039794922
2017-04-04,217.9134979248047
2017-04-05,217.2657012939453
2017-04-06,217.87648010253906
2017-04-07,217.6544189453125
2017-04-10,217.78395080566406
2017-04-11,217.52481079101562
2017-04-12,216.57164001464844
2017-04-13,215.16506958007812
2017-04-17,217.07139587402344
2017-04-18,216.42359924316406
2017-04-19,216.02569580078125
2017-04-20,217.78395080566406
2017-04-21,217.08987426757812
2017-04-24,219.47743225097656
2017-04-25,220.75448608398438
2017-04-26,220.6156768798828
2017-04-27,220.80072021484375
2017-04-28,220.31956481933594
2017-05-01,220.87477111816406
2017-05-02,220.95806884765625
2017-05-03,220.689697265625
2017-05-04,220.94879150390625
2017-05-05,221.81871032714844
2017-05-08,221.78164672851562
2017-05-09,221.5780792236328
2017-05-10,221.9759979248047
2017-05-11,221.52255249023438
2017-05-12,221.15240478515625
2017-05-15,222.3739471435547
2017-05-16,222.1703338623047
2017-05-17,218.22813415527344
2017-05-18,219.10726928710938
2017-05-19,220.53237915039062
2017-05-22,221.652099609375
2017-05-23,222.1426239013672
2017-05-24,222.66079711914062
2017-05-25,223.72500610351562
2017-05-26,223.67877197265625
2017-05-30,223.48439025878906
2017-05-31,223.42889404296875
2017-06-01,225.20565795898438
2017-06-02,225.95523071289062
2017-06-05,225.78868103027344
2017-06-06,225.0668487548828
2017-06-07,225.48329162597656
2017-06-08,225.5943145751953
2017-06-09,225.251953125
2017-06-12,225.20565795898438
2017-06-13,226.306884765625
2017-06-14,226.02001953125
2017-06-15,225.58505249023438
2017-06-16,225.63436889648438
2017-06-19,227.5127716064453
2017-06-20,225.97842407226562
2017-06-21,225.92262268066406
2017-06-22,225.82034301757812
2017-06-23,226.09007263183594
2017-06-26,226.23880004882812
2017-06-27,224.41619873046875
2017-06-28,226.4248046875
2017-06-29,224.43478393554688
2017-06-30,224.8532257080078
2017-07-03,225.2344970703125
2017-07-05,225.75526428222656
2017-07-06,223.69085693359375
2017-07-07,225.1415252685547
2017-07-10,225.38328552246094
2017-07-11,225.2158966064453
2017-07-12,226.90835571289062
2017-07-13,227.2895965576172
2017-07-14,228.34971618652344
2017-07-17,228.32180786132812
2017-07-18,228.4427032470703
2017-07-19,229.67947387695312
2017-07-20,229.78176879882812
2017-07-21,229.5771942138672
2017-07-24,229.52142333984375
2017-07-25,230.07933044433594
2017-07-26,230.08865356445312
2017-07-27,229.87474060058594
2017-07-28,229.6051025390625
2017-07-31,229.4749298095703
2017-08-01,229.9863739013672
2017-08-02,230.0979766845703
2017-08-03,229.651611328125
2017-08-04,230.07005310058594
2017-08-07,230.49778747558594
2017-08-08,229.93057250976562
2017-08-09,229.92124938964844
2017-08-10,226.67588806152344
2017-08-11,227.0106201171875
2017-08-14,229.2610321044922
2017-08-15,229.23313903808594
2017-08-16,229.63296508789062
2017-08-17,226.05282592773438
2017-08-18,225.69949340820312
2017-08-21,225.87615966796875
2017-08-22,228.2381134033203
2017-08-23,227.41978454589844
2017-08-24,226.8897705078125
2017-08-25,227.41978454589844
2017-08-28,227.42909240722656
2017-08-29,227.689453125
2017-08-30,228.76817321777344
2017-08-31,230.1444549560547
2017-09-01,230.46990966796875
2017-09-05,228.81466674804688
2017-09-06,229.5957794189453
2017-09-07,229.56787109375
2017-09-08,229.2982177734375
2017-09-11,231.74388122558594
2017-09-12,232.52503967285156
2017-09-13,232.63661193847656
2017-09-14,232.56222534179688
2017-09-15,232.87527465820312
2017-09-18,233.37063598632812
2017-09-19,233.60423278808594
2017-09-20,233.6883087158203
2017-09-21,233.06219482421875
2017-09-22,233.10891723632812
2017-09-25,232.63232421875
2017-09-26,232.77252197265625
2017-09-27,233.6790008544922
2017-09-28,233.95933532714844
2017-09-29,234.78172302246094
2017-10-02,235.8003692626953
2017-10-03,236.30502319335938
2017-10-04,236.5854034423828
2017-10-05,237.98716735839844
2017-10-06,237.71617126464844
2017-10-09,237.3236541748047
2017-10-10,237.94976806640625
2017-10-11,238.3236083984375
2017-10-12,237.96849060058594
2017-10-13,238.25816345214844
2017-10-16,238.57595825195312
2017-10-17,238.744140625
2017-10-18,238.977783203125
2017-10-19,239.04318237304688
2017-10-20,240.2767791748047
2017-10-23,239.34222412109375
2017-10-24,239.7627410888672
2017-10-25,238.57595825195312
2017-10-26,238.88429260253906
2017-10-27,240.83749389648438
2017-10-30,239.94036865234375
2017-10-31,240.31414794921875
2017-11-01,240.63186645507812
2017-11-02,240.72537231445312
2017-11-03,241.52906799316406
2017-11-06,241.90283203125
2017-11-07,241.73464965820312
2017-11-08,242.1457977294922
2017-11-09,241.2673797607422
2017-11-10,241.19259643554688
2017-11-13,241.41688537597656
2017-11-14,240.85618591308594
2017-11-15,239.65066528320312
2017-11-16,241.68792724609375
2017-11-17,240.9776611328125
2017-11-20,241.3888397216797
2017-11-21,242.96815490722656
2017-11-22,242.7532958984375
2017-11-24,243.31394958496094
2017-11-27,243.19253540039062
2017-11-28,245.65963745117188
2017-11-29,245.51007080078125
2017-11-30,247.65956115722656
2017-12-01,247.14553833007812
2017-12-04,246.84646606445312
2017-12-05,245.95867919921875
2017-12-06,246.00543212890625
2017-12-07,246.78109741210938
2017-12-08,248.12684631347656
2017-12-11,248.8743896484375
2017-12-12,249.3136444091797
2017-12-13,249.28565979003906
2017-12-14,248.26698303222656
2017-12-15,250.3344268798828
2017-12-18,251.92185974121094
2017-12-19,250.95433044433594
2017-12-20,250.8228759765625
2017-12-21,251.3394775390625
2017-12-22,251.27369689941406
2017-12-26,250.97311401367188
2017-12-27,251.09524536132812
2017-12-28,251.61184692382812
2017-12-29,250.6631622314453
2018-01-02,252.45724487304688
2018-01-03,254.0540008544922
2018-01-04,255.12481689453125
2018-01-05,256.82501220703125
2018-01-08,257.2947082519531
2018-01-09,257.8770446777344
2018-01-10,257.48248291015625
2018-01-11,259.3611755371094
2018-01-12,261.0518798828125
2018-01-16,260.1595764160156
2018-01-17,262.6393127441406
2018-01-18,262.1979064941406
2018-01-19,263.39080810546875
2018-01-22,265.5323486328125
2018-01-23,266.09600830078125
2018-01-24,265.9925842285156
2018-01-25,266.1053161621094
2018-01-26,269.186279296875
2018-01-29,267.4015808105469
2018-01-30,264.6587829589844
2018-01-31,264.7903137207031
2018-02-01,264.4897155761719
2018-02-02,258.7318420410156
2018-02-05,247.9109649658203
2018-02-06,252.79544067382812
2018-02-07,251.4240264892578
2018-02-08,241.99339294433594
2018-02-09,245.62847900390625
2018-02-12,249.23541259765625
2018-02-13,249.8553924560547
2018-02-14,253.22744750976562
2018-02-15,256.45867919921875
2018-02-16,256.5338439941406
2018-02-20,254.92755126953125
2018-02-21,253.65956115722656
2018-02-22,253.9883270263672
2018-02-23,258.03668212890625
2018-02-26,261.0330810546875
2018-02-27,257.773681640625
2018-02-28,255.16244506835938
2018-03-01,251.45220947265625
2018-03-02,252.74844360351562
2018-03-05,255.66966247558594
2018-03-06,256.31781005859375
2018-03-07,256.223876953125
2018-03-08,257.4637451171875
2018-03-09,261.94427490234375
2018-03-12,261.615478515625
2018-03-13,259.92474365234375
2018-03-14,258.59088134765625
2018-03-15,258.30908203125
2018-03-16,258.5892333984375
2018-03-19,255.09039306640625
2018-03-20,255.52426147460938
2018-03-21,255.03384399414062
2018-03-22,248.65872192382812
2018-03-23,243.35865783691406
2018-03-26,250.01670837402344
2018-03-27,245.76348876953125
2018-03-28,245.03726196289062
2018-03-29,248.16831970214844
2018-04-02,242.8116912841797
2018-04-03,245.9237823486328
2018-04-04,248.5549774169922
2018-04-05,250.51658630371094
2018-04-06,244.93356323242188
2018-04-09,246.14073181152344
2018-04-10,250.0543975830078
2018-04-11,248.7436065673828
2018-04-12,250.79000854492188
2018-04-13,250.0543975830078
2018-04-16,252.11032104492188
2018-04-17,254.80747985839844
2018-04-18,254.99612426757812
2018-04-19,253.58154296875
2018-04-20,251.43136596679688
2018-04-23,251.39358520507812
2018-04-24,248.00799560546875
2018-04-25,248.62100219726562
2018-04-26,251.14837646484375
2018-04-27,251.38418579101562
2018-04-30,249.4508819580078
2018-05-01,249.89413452148438
2018-05-02,248.21546936035156
2018-05-03,247.66848754882812
2018-05-04,250.87489318847656
2018-05-07,251.72369384765625
2018-05-08,251.72369384765625
2018-05-09,254.15676879882812
2018-05-10,256.5333251953125
2018-05-11,257.3160400390625
2018-05-14,257.43865966796875
2018-05-15,255.6656494140625
2018-05-16,256.7408142089844
2018-05-17,256.52386474609375
2018-05-18,255.88259887695312
2018-05-21,257.8064270019531
2018-05-22,257.0897216796875
2018-05-23,257.7970275878906
2018-05-24,257.2689514160156
2018-05-25,256.65594482421875
2018-05-29,253.70408630371094
2018-05-30,257.0897216796875
2018-05-31,255.5148468017578
2018-06-01,258.0234069824219
2018-06-04,259.2493896484375
2018-06-05,259.4379577636719
2018-06-06,261.6070861816406
2018-06-07,261.5787048339844
2018-06-08,262.35205078125
2018-06-11,262.7010192871094
2018-06-12,263.0404968261719
2018-06-13,262.20111083984375
2018-06-14,262.8612976074219
2018-06-15,262.52593994140625
2018-06-18,261.9860534667969
2018-06-19,260.9818420410156
2018-06-20,261.4271240234375
2018-06-21,259.78826904296875
2018-06-22,260.2619323730469
2018-06-25,256.7189636230469
2018-06-26,257.2873840332031
2018-06-27,255.15594482421875
2018-06-28,256.61480712890625
2018-06-29,256.9842529296875
2018-07-02,257.53369140625
2018-07-03,256.6242370605469
2018-07-05,258.7177734375
2018-07-06,260.9060363769531
2018-07-09,263.2554016113281
2018-07-10,264.20269775390625
2018-07-11,262.2701721191406
2018-07-12,264.6479187011719
2018-07-13,264.8563232421875
2018-07-16,264.61956787109375
2018-07-17,265.6899108886719
2018-07-18,266.2489013671875
2018-07-19,265.2447204589844
2018-07-20,264.9415588378906
2018-07-23,265.4341735839844
2018-07-24,266.7698669433594
2018-07-25,269.0434265136719
2018-07-26,268.40869140625
2018-07-27,266.5898742675781
2018-07-30,265.19732666015625
2018-07-31,266.5046081542969
2018-08-01,266.0594177246094
2018-08-02,267.5087585449219
2018-08-03,268.65496826171875
2018-08-06,269.64019775390625
2018-08-07,270.5306701660156
2018-08-08,270.4169616699219
2018-08-09,270.0475769042969
2018-08-10,268.2381591796875
2018-08-13,267.234130859375
2018-08-14,268.9392395019531
2018-08-15,266.930908203125
2018-08-16,269.0907287597656
2018-08-17,270.0380859375
2018-08-20,270.61602783203125
2018-08-21,271.2505798339844
2018-08-22,271.089599609375
2018-08-23,270.7296142578125
2018-08-24,272.3589782714844
2018-08-27,274.5093078613281
2018-08-28,274.6419982910156
2018-08-29,276.1197509765625
2018-08-30,275.001953125
2018-08-31,275.01141357421875
2018-09-04,274.53778076171875
2018-09-05,273.7989196777344
2018-09-06,272.9747009277344
2018-09-07,272.4441833496094
2018-09-10,272.9178466796875
2018-09-11,273.8178405761719
2018-09-12,273.8841247558594
2018-09-13,275.50396728515625
2018-09-14,275.5513610839844
2018-09-17,274.0924987792969
2018-09-18,275.579833984375
2018-09-19,275.87347412109375
2018-09-20,278.1091003417969
2018-09-21,277.85498046875
2018-09-24,276.9319763183594
2018-09-25,276.675048828125
2018-09-26,275.8471984863281
2018-09-27,276.6179504394531
2018-09-28,276.646484375
2018-10-01,277.607666015625
2018-10-02,277.44580078125
2018-10-03,277.59808349609375
2018-10-04,275.42840576171875
2018-10-05,273.88690185546875
2018-10-08,273.88690185546875
2018-10-09,273.4871826171875
2018-10-10,264.8277282714844
2018-10-11,258.9945068359375
2018-10-12,262.5915222167969
2018-10-15,261.11651611328125
2018-10-16,266.8260498046875
2018-10-17,266.8736572265625
2018-10-18,263.0196838378906
2018-10-19,262.8769836425781
2018-10-22,261.6969909667969
2018-10-23,260.36474609375
2018-10-24,252.47608947753906
2018-10-25,257.0056457519531
2018-10-26,252.485595703125
2018-10-29,251.08676147460938
2018-10-30,254.8074493408203
2018-10-31,257.5290222167969
2018-11-01,260.2696228027344
2018-11-02,258.7280578613281
2018-11-05,260.15545654296875
2018-11-06,261.8016662597656
2018-11-07,267.40655517578125
2018-11-08,266.92120361328125
2018-11-09,264.31390380859375
2018-11-12,259.3750915527344
2018-11-13,258.88983154296875
2018-11-14,257.1199035644531
2018-11-15,259.8033447265625
2018-11-16,260.47900390625
2018-11-19,256.0730895996094
2018-11-20,251.33416748046875
2018-11-21,252.19058227539062
2018-11-23,250.50628662109375
2018-11-26,254.550537109375
2018-11-27,255.406982421875
2018-11-28,261.2877502441406
2018-11-29,260.71685791015625
2018-11-30,262.3059997558594
2018-12-03,265.7792663574219
2018-12-04,257.16741943359375
2018-12-06,256.7772521972656
2018-12-07,250.81076049804688
2018-12-10,251.28659057617188
2018-12-11,251.3437042236328
2018-12-12,252.60928344726562
2018-12-13,252.523681640625
2018-12-14,247.86087036132812
2018-12-17,242.99827575683594
2018-12-18,242.73179626464844
2018-12-19,239.09671020507812
2018-12-20,235.2047119140625
2018-12-21,230.38548278808594
2018-12-24,224.2980194091797
2018-12-26,235.63064575195312
2018-12-27,237.43966674804688
2018-12-28,237.1333465576172
2018-12-31,239.2103729248047
2019-01-02,239.459228515625
2019-01-03,233.74505615234375
2019-01-04,241.57449340820312
2019-01-07,243.47926330566406
2019-01-08,245.766845703125
2019-01-09,246.91542053222656
2019-01-10,247.78640747070312
2019-01-11,247.8821258544922
2019-01-14,246.36984252929688
2019-01-15,249.19345092773438
2019-01-16,249.7964324951172
2019-01-17,251.6916046142578
2019-01-18,255.04161071777344
2019-01-22,251.59585571289062
2019-01-23,252.122314453125
2019-01-24,252.2562713623047
2019-01-25,254.39076232910156
2019-01-28,252.45733642578125
2019-01-29,252.122314453125
2019-01-30,256.11358642578125
2019-01-31,258.3629150390625
2019-02-01,258.4873352050781
2019-02-04,260.3058776855469
2019-02-05,261.3970642089844
2019-02-06,261.0524597167969
2019-02-07,258.56396484375
2019-02-08,258.8797607421875
2019-02-11,259.0233154296875
2019-02-12,262.354248046875
2019-02-13,263.2060546875
2019-02-14,262.6221923828125
2019-02-15,265.4840393066406
2019-02-19,265.9435119628906
2019-02-20,266.4795227050781
2019-02-21,265.531982421875
2019-02-22,267.1782531738281
2019-02-25,267.5419616699219
2019-02-26,267.3505554199219
2019-02-27,267.235595703125
2019-02-28,266.73785400390625
2019-03-01,268.4034118652344
2019-03-04,267.4270935058594
2019-03-05,267.0633544921875
2019-03-06,265.4457702636719
2019-03-07,263.2252197265625
2019-03-08,262.69873046875
2019-03-11,266.5082092285156
2019-03-12,267.51324462890625
2019-03-13,269.28399658203125
2019-03-14,269.11163330078125
2019-03-15,270.4412841796875
2019-03-18,271.4218444824219
2019-03-19,271.4891357421875
2019-03-20,270.67193603515625
2019-03-21,273.7291564941406
2019-03-22,268.4608459472656
2019-03-25,268.2589416503906
2019-03-26,270.25860595703125
2019-03-27,268.84539794921875
2019-03-28,269.8644104003906
2019-03-29,271.5660095214844
2019-04-01,274.78662109375
2019-04-02,274.92120361328125
2019-04-03,275.3538513183594
2019-04-04,276.0844421386719
2019-04-05,277.42071533203125
2019-04-08,277.6322326660156
2019-04-09,276.2094421386719
2019-04-10,277.151611328125
2019-04-11,277.0746154785156
2019-04-12,278.9493408203125
2019-04-15,278.7666320800781
2019-04-16,278.9493408203125
2019-04-17,278.2667236328125
2019-04-18,278.81475830078125
2019-04-22,279.0550231933594
2019-04-23,281.564208984375
2019-04-24,280.9393310546875
2019-04-25,280.7662658691406
2019-04-26,282.0737609863281
2019-04-29,282.51593017578125
2019-04-30,282.66015625
2019-05-01,280.5355224609375
2019-05-02,279.92987060546875
2019-05-03,282.6697998046875
2019-05-06,281.50653076171875
2019-05-07,276.805419921875
2019-05-08,276.4209289550781
2019-05-09,275.5845642089844
2019-05-10,276.9689025878906
2019-05-13,270.00860595703125
2019-05-14,272.4504699707031
2019-05-15,274.0463562011719
2019-05-16,276.5843505859375
2019-05-17,274.79620361328125
2019-05-20,272.9792785644531
2019-05-21,275.4403076171875
2019-05-22,274.5943298339844
2019-05-23,271.2391662597656
2019-05-24,271.8544616699219
2019-05-28,269.3260498046875
2019-05-29,267.5187072753906
2019-05-30,268.2493591308594
2019-05-31,264.6346130371094
2019-06-03,263.961669921875
2019-06-04,269.6913757324219
2019-06-05,272.0274658203125
2019-06-06,273.79638671875
2019-06-07,276.5362854003906
2019-06-10,277.8052978515625
2019-06-11,277.73797607421875
2019-06-12,277.2477722167969
2019-06-13,278.3917236328125
2019-06-14,278.08404541015625
2019-06-17,278.1898193359375
2019-06-18,281.102783203125
2019-06-19,281.73724365234375
2019-06-20,284.4290466308594
2019-06-21,284.0155944824219
2019-06-24,283.6678466796875
2019-06-25,280.8855895996094
2019-06-26,280.60552978515625
2019-06-27,281.6005554199219
2019-06-28,283.049560546875
2019-07-01,285.6192321777344
2019-07-02,286.3631286621094
2019-07-03,288.6526184082031
2019-07-05,288.32415771484375
2019-07-08,286.7398681640625
2019-07-09,287.09722900390625
2019-07-10,288.46905517578125
2019-07-11,289.1452331542969
2019-07-12,290.4397888183594
2019-07-15,290.53631591796875
2019-07-16,289.5993347167969
2019-07-17,287.62860107421875
2019-07-18,288.68157958984375
2019-07-19,287.0779113769531
2019-07-22,287.7831115722656
2019-07-23,289.8408203125
2019-07-24,291.2029724121094
2019-07-25,289.8118591308594
2019-07-26,291.75360107421875
2019-07-29,291.2222595214844
2019-07-30,290.50738525390625
2019-07-31,287.32916259765625
2019-08-01,284.82708740234375
2019-08-02,282.6825256347656
2019-08-05,274.1813049316406
2019-08-06,278.02618408203125
2019-08-07,278.1903991699219
2019-08-08,283.6485290527344
2019-08-09,281.7164306640625
2019-08-12,278.2870788574219
2019-08-13,282.6148376464844
2019-08-14,274.25860595703125
2019-08-15,274.9831237792969
2019-08-16,279.04052734375
2019-08-19,282.40234375
2019-08-20,280.2383728027344
2019-08-21,282.5182189941406
2019-08-22,282.43133544921875
2019-08-23,275.1763610839844
2019-08-26,278.21942138671875
2019-08-27,277.12774658203125
2019-08-28,279.07916259765625
2019-08-29,282.64385986328125
2019-08-30,282.5182189941406
2019-09-03,280.8663024902344
2019-09-04,284.0543212890625
2019-09-05,287.7059020996094
2019-09-06,287.9280700683594
2019-09-09,288.072998046875
2019-09-10,288.0053405761719
2019-09-11,290.0533752441406
2019-09-12,291.05804443359375
2019-09-13,290.8648681640625
2019-09-16,289.96636962890625
2019-09-17,290.70062255859375
2019-09-18,290.87451171875
2019-09-19,290.85516357421875
2019-09-20,289.4809265136719
2019-09-23,289.4129943847656
2019-09-24,287.1420593261719
2019-09-25,288.84039306640625
2019-09-26,288.23870849609375
2019-09-27,286.6858825683594
2019-09-30,288.01544189453125
2019-10-01,284.5896301269531
2019-10-02,279.56243896484375
2019-10-03,281.8528137207031
2019-10-04,285.6669006347656
2019-10-07,284.434326171875
2019-10-08,280.0185852050781
2019-10-09,282.677734375
2019-10-10,284.5896301269531
2019-10-11,287.5399475097656
2019-10-14,287.2196960449219
2019-10-15,290.0632019042969
2019-10-16,289.597412109375
2019-10-17,290.45147705078125
2019-10-18,289.1800842285156
2019-10-21,291.14044189453125
2019-10-22,290.18939208984375
2019-10-23,291.03375244140625
2019-10-24,291.5093078613281
2019-10-25,292.7030029296875
2019-10-28,294.35284423828125
2019-10-29,294.2655029296875
2019-10-30,295.1680908203125
2019-10-31,294.3819885253906
2019-11-01,297.109130859375
2019-11-04,298.3027648925781
2019-11-05,297.97283935546875
2019-11-06,298.0407409667969
2019-11-07,299.0888977050781
2019-11-08,299.8265380859375
2019-11-11,299.25384521484375
2019-11-12,299.8846740722656
2019-11-13,299.9817810058594
2019-11-14,300.4184265136719
2019-11-15,302.5924072265625
2019-11-18,302.81561279296875
2019-11-19,302.7282409667969
2019-11-20,301.6025085449219
2019-11-21,301.1172180175781
2019-11-22,301.7868957519531
2019-11-25,304.12579345703125
2019-11-26,304.81488037109375
2019-11-27,306.173583984375
2019-11-29,305.0380554199219
2019-12-02,302.44683837890625
2019-12-03,300.4184265136719
2019-12-04,302.27215576171875
2019-12-05,302.81561279296875
2019-12-06,305.5815124511719
2019-12-09,304.6207580566406
2019-12-10,304.2810974121094
2019-12-11,305.14483642578125
2019-12-12,307.7748718261719
2019-12-13,307.9592590332031
2019-12-16,310.074951171875
2019-12-17,310.1429443359375
2019-12-18,310.1623229980469
2019-12-19,311.4336853027344
2019-12-20,312.7990417480469
2019-12-23,313.2769470214844
2019-12-24,313.2866516113281
2019-12-26,314.9543762207031
2019-12-27,314.8763732910156
2019-12-30,313.1404113769531
2019-12-31,313.90106201171875
2020-01-02,316.836669921875
2020-01-03,314.4375
2020-01-06,315.6371154785156
2020-01-07,314.74957275390625
2020-01-08,316.42706298828125
2020-01-09,318.5726318359375
2020-01-10,317.6558837890625
2020-01-13,319.84051513671875
2020-01-14,319.3528747558594
2020-01-15,320.0745849609375
2020-01-16,322.737060546875
2020-01-17,323.74163818359375
2020-01-21,323.1076965332031
2020-01-22,323.14666748046875
2020-01-23,323.51727294921875
2020-01-24,320.64019775390625
2020-01-27,315.5005798339844
2020-01-28,318.8067321777344
2020-01-29,318.5434265136719
2020-01-30,319.57720947265625
2020-01-31,313.77435302734375
2020-02-03,316.105224609375
2020-02-04,320.9230651855469
2020-02-05,324.6291198730469
2020-02-06,325.721435546875
2020-02-07,323.98541259765625
2020-02-10,326.4040832519531
2020-02-11,326.9697570800781
2020-02-12,329.0763244628906
2020-02-13,328.7252197265625
2020-02-14,329.2519226074219
2020-02-18,328.4034118652344
2020-02-19,329.97357177734375
2020-02-20,328.6180114746094
2020-02-21,325.2337951660156
2020-02-24,314.4472961425781
2020-02-25,304.9188232421875
2020-02-26,303.79730224609375
2020-02-27,290.1532287597656
2020-02-28,288.9341735839844
2020-03-02,301.4468688964844
2020-03-03,292.81573486328125
2020-03-04,305.1236267089844
2020-03-05,294.9808044433594
2020-03-06,290.1044616699219
2020-03-09,267.44891357421875
2020-03-10,281.2879943847656
2020-03-11,267.57568359375
2020-03-12,241.9747772216797
2020-03-13,262.66033935546875
2020-03-16,233.91903686523438
2020-03-17,246.54879760742188
2020-03-18,234.06532287597656
2020-03-19,234.56271362304688
2020-03-20,224.4544219970703
2020-03-23,218.7155303955078
2020-03-24,238.5318603515625
2020-03-25,242.1027374267578
2020-03-26,256.23907470703125
2020-03-27,248.60679626464844
2020-03-30,256.68048095703125
2020-03-31,252.85458374023438
2020-04-01,241.47488403320312
2020-04-02,247.0469970703125
2020-04-03,243.4761505126953
2020-04-06,259.8294982910156
2020-04-07,260.09442138671875
2020-04-08,268.82537841796875
2020-04-09,272.91619873046875
2020-04-13,270.4244079589844
2020-04-14,278.3999938964844
2020-04-15,272.4845275878906
2020-04-16,273.7991027832031
2020-04-17,281.19586181640625
2020-04-20,276.2417907714844
2020-04-21,267.8541564941406
2020-04-22,273.7991027832031
2020-04-23,273.7794189453125
2020-04-24,277.5955810546875
2020-04-27,281.5980529785156
2020-04-28,280.3031311035156
2020-04-29,287.6410217285156
2020-04-30,284.96295166015625
2020-05-01,277.41900634765625
2020-05-04,278.18414306640625
2020-05-05,280.7544250488281
2020-05-06,278.85125732421875
2020-05-07,282.21612548828125
2020-05-08,286.8857116699219
2020-05-11,286.944580078125
2020-05-12,281.2253112792969
2020-05-13,276.2515869140625
2020-05-14,279.5575866699219
2020-05-15,280.84271240234375
2020-05-18,289.3970642089844
2020-05-19,286.42462158203125
2020-05-20,291.2904052734375
2020-05-21,289.27935791015625
2020-05-22,289.8287353515625
2020-05-26,293.3995666503906
2020-05-27,297.76507568359375
2020-05-28,297.2156982421875
2020-05-29,298.54010009765625
2020-06-01,299.7467041015625
2020-06-02,302.2286376953125
2020-06-03,306.2507629394531
2020-06-04,305.4463806152344
2020-06-05,313.2747497558594
2020-06-08,317.0614929199219
2020-06-09,314.697265625
2020-06-10,312.9412841796875
2020-06-11,294.9005126953125
2020-06-12,298.4321594238281
2020-06-15,301.2181701660156
2020-06-16,307.0159606933594
2020-06-17,305.7406921386719
2020-06-18,305.8583679199219
2020-06-19,304.11041259765625
2020-06-22,306.0613708496094
2020-06-23,307.4703369140625
2020-06-24,299.6271667480469
2020-06-25,302.83935546875
2020-06-26,295.6464538574219
2020-06-29,299.9917297363281
2020-06-30,303.83453369140625
2020-07-01,305.96282958984375
2020-07-02,307.647705078125
2020-07-06,312.3970031738281
2020-07-07,309.1749572753906
2020-07-08,311.5397644042969
2020-07-09,309.76617431640625
2020-07-10,312.9290771484375
2020-07-13,310.2193908691406
2020-07-14,314.23956298828125
2020-07-15,317.12652587890625
2020-07-16,316.08209228515625
2020-07-17,316.9984436035156
2020-07-20,319.560302734375
2020-07-21,320.2402038574219
2020-07-22,322.06298828125
2020-07-23,318.2202453613281
2020-07-24,316.1708068847656
2020-07-27,318.4764404296875
2020-07-28,316.45654296875
2020-07-29,320.3485412597656
2020-07-30,319.2055969238281
2020-07-31,321.72796630859375
2020-08-03,323.9647216796875
2020-08-04,325.216064453125
2020-08-05,327.2359313964844
2020-08-06,329.4233703613281
2020-08-07,329.659912109375
2020-08-10,330.64520263671875
2020-08-11,327.91583251953125
2020-08-12,332.48773193359375
2020-08-13,331.8866882324219
2020-08-14,331.89654541015625
2020-08-17,332.95086669921875
2020-08-18,333.670166015625
2020-08-19,332.28082275390625
2020-08-20,333.3154296875
2020-08-21,334.4978332519531
2020-08-24,337.8873596191406
2020-08-25,339.0697021484375
2020-08-26,342.4690856933594
2020-08-27,343.2179260253906
2020-08-28,345.4349060058594
2020-08-31,344.18353271484375
2020-09-01,347.4252624511719
2020-09-02,352.450439453125
2020-09-03,340.32110595703125
2020-09-04,337.5424499511719
2020-09-08,328.3197937011719
2020-09-09,334.80328369140625
2020-09-10,328.9898681640625
2020-09-11,329.1573486328125
2020-09-14,333.4927978515625
2020-09-15,335.1777038574219
2020-09-16,333.84747314453125
2020-09-17,330.9112243652344
2020-09-18,327.1015319824219
2020-09-21,323.4610290527344
2020-09-22,326.75531005859375
2020-09-23,319.17755126953125
2020-09-24,320.0282897949219
2020-09-25,325.2021484375
2020-09-28,330.60357666015625
2020-09-29,328.8031005859375
2020-09-30,331.2960510253906
2020-10-01,333.4229736328125
2020-10-02,330.25732421875
2020-10-05,336.11376953125
2020-10-06,331.33563232421875
2020-10-07,337.10308837890625
2020-10-08,340.09063720703125
2020-10-09,343.127685546875
2020-10-12,348.6478271484375
2020-10-13,346.37249755859375
2020-10-14,344.19610595703125
2020-10-15,343.77069091796875
2020-10-16,343.56298828125
2020-10-19,338.3396301269531
2020-10-20,339.6949462890625
2020-10-21,339.05194091796875
2020-10-22,340.9117126464844
2020-10-23,342.0691833496094
2020-10-26,335.747802734375
2020-10-27,334.59033203125
2020-10-28,323.15435791015625
2020-10-29,326.4387512207031
2020-10-30,323.0356750488281
2020-11-02,326.6564025878906
2020-11-03,332.4237976074219
2020-11-04,339.8532409667969
2020-11-05,346.4813232421875
2020-11-06,346.40216064453125
2020-11-09,350.75494384765625
2020-11-10,350.2405700683594
2020-11-11,352.84234619140625
2020-11-12,349.41943359375
2020-11-13,354.2569885253906
2020-11-16,358.6789855957031
2020-11-17,356.7499084472656
2020-11-18,352.45648193359375
2020-11-19,353.9403991699219
2020-11-20,351.5166931152344
2020-11-23,353.6238098144531
2020-11-24,359.322021484375
2020-11-25,358.76806640625
2020-11-27,359.7672424316406
2020-11-30,358.17449951171875
2020-12-01,362.0919494628906
2020-12-02,362.85369873046875
2020-12-03,362.7547912597656
2020-12-04,365.8808898925781
2020-12-07,365.1289978027344
2020-12-08,366.19744873046875
2020-12-09,362.9130859375
2020-12-10,362.79437255859375
2020-12-11,362.36895751953125
2020-12-14,360.74658203125
2020-12-15,365.6236572265625
2020-12-16,366.19744873046875
2020-12-17,368.2452087402344
2020-12-18,366.7748718261719
2020-12-21,365.46343994140625
2020-12-22,364.84747314453125
2020-12-23,365.17535400390625
2020-12-24,366.5960388183594
2020-12-28,369.7453918457031
2020-12-29,369.0400085449219
2020-12-30,369.5665588378906
2020-12-31,371.4442443847656
2021-01-04,366.38739013671875
2021-01-05,368.91082763671875
2021-01-06,371.11639404296875
2021-01-07,376.6302490234375
2021-01-08,378.77618408203125
2021-01-11,376.2229309082031
2021-01-12,376.3023681640625
2021-01-13,377.31573486328125
2021-01-14,375.994384765625
2021-01-15,373.25238037109375
2021-01-19,376.18316650390625
2021-01-20,381.3890380859375
2021-01-21,381.73675537109375
2021-01-22,380.3856201171875
2021-01-25,381.88580322265625
2021-01-26,381.2897033691406
2021-01-27,371.9707946777344
2021-01-28,375.1698303222656
2021-01-29,367.6590881347656
2021-02-01,373.7789611816406
2021-02-02,379.06427001953125
2021-02-03,379.3623352050781
2021-02-04,383.6740417480469
2021-02-05,385.18414306640625
2021-02-08,387.9659118652344
2021-02-09,387.70758056640625
2021-02-10,387.5386962890625
2021-02-11,388.1645812988281
2021-02-12,390.08203125
2021-02-16,389.74420166015625
2021-02-17,389.83367919921875
2021-02-18,388.1745300292969
2021-02-19,387.4890441894531
2021-02-22,384.508544921875
2021-02-23,384.9754943847656
2021-02-24,389.2176818847656
2021-02-25,379.8392028808594
2021-02-26,377.88201904296875
2021-03-01,387.04193115234375
2021-03-02,384.02178955078125
2021-03-03,378.9351501464844
2021-03-04,374.2458801269531
2021-03-05,381.1307373046875
2021-03-08,379.2331848144531
2021-03-09,384.6476745605469
2021-03-10,387.04193115234375
2021-03-11,390.9662170410156
2021-03-12,391.4927673339844
2021-03-15,393.82745361328125
2021-03-16,393.33074951171875
2021-03-17,394.67193603515625
2021-03-18,388.9295959472656
2021-03-19,388.2099609375
2021-03-22,391.3097839355469
2021-03-23,388.2298889160156
2021-03-24,386.2563171386719
2021-03-25,388.4292297363281
2021-03-26,394.6887512207031
2021-03-29,394.4894104003906
2021-03-30,393.4428405761719
2021-03-31,395.03759765625
2021-04-01,399.3036193847656
2021-04-05,405.0348815917969
2021-04-06,404.7956848144531
2021-04-07,405.2641296386719
2021-04-08,407.1878356933594
2021-04-09,410.1481628417969
2021-04-12,410.2976989746094
2021-04-13,411.513671875
2021-04-14,410.1083068847656
2021-04-15,414.5138854980469
2021-04-16,415.89935302734375
2021-04-19,413.85601806640625
2021-04-20,410.8259582519531
2021-04-21,414.7132263183594
2021-04-22,410.9256286621094
2021-04-23,415.38104248046875
2021-04-26,416.2481994628906
2021-04-27,416.15850830078125
2021-04-28,416.03887939453125
2021-04-29,418.6902160644531
2021-04-30,415.939208984375
2021-05-03,416.8363037109375
2021-05-04,414.26470947265625
2021-05-05,414.394287109375
2021-05-06,417.7034606933594
2021-05-07,420.7434997558594
2021-05-10,416.5771484375
2021-05-11,412.8592834472656
2021-05-12,404.0880126953125
2021-05-13,408.9421081542969
2021-05-14,415.2215576171875
2021-05-17,414.1650085449219
2021-05-18,410.5967102050781
2021-05-19,409.52020263671875
2021-05-20,413.9258117675781
2021-05-21,413.5869140625
2021-05-24,417.8031311035156
2021-05-25,416.87615966796875
2021-05-26,417.7034606933594
2021-05-27,417.9227294921875
2021-05-28,418.6702880859375
2021-06-01,418.301513671875
2021-06-02,418.9593200683594
2021-06-03,417.4044189453125
2021-06-04,421.2219543457031
2021-06-07,420.81329345703125
2021-06-08,420.9029846191406
2021-06-09,420.2750244140625
2021-06-10,422.2286376953125
2021-06-11,422.9263610839844
2021-06-14,423.8732604980469
2021-06-15,423.0958251953125
2021-06-16,420.7335205078125
2021-06-17,420.593994140625
2021-06-18,414.9200134277344
2021-06-21,420.8599853515625
2021-06-22,423.1099853515625
2021-06-23,422.6000061035156
2021-06-24,425.1000061035156
2021-06-25,426.6099853515625
2021-06-28,427.4700012207031
2021-06-29,427.70001220703125
2021-06-30,428.05999755859375
2021-07-01,430.42999267578125
2021-07-02,433.7200012207031
2021-07-06,432.92999267578125
2021-07-07,434.4599914550781
2021-07-08,430.9200134277344
2021-07-09,435.5199890136719
2021-07-12,437.0799865722656
2021-07-13,435.5899963378906
2021-07-14,436.239990234375
2021-07-15,434.75
2021-07-16,431.3399963378906
2021-07-19,424.9700012207031
